{
  "Component.js": 1729143625899,
  "i18n/i18n.properties": 1729143661204,
  "ext/fragment/Comments.js": 1729656362045,
  "ext/controller/SendQ.js": 1729571051512,
  "ext/controller/Send.js": 1729182924489,
  "ext/controller/Obj_s.controller.js": 1729661459333,
  "ext/controller/List_s.controller.js": 1729659816255,
  "ext/controller/FooterSendQ.js": 1729593554912,
  "manifest.json": 1729665266055,
  "ext/fragment/UploadSet.js": 1729182159550,
  "ext/fragment/UploadSet-dbg.js": 1729182159550,
  "ext/fragment/UploadSet.js.map": 1729665266190,
  "ext/fragment/Comments-dbg.js": 1729656362045,
  "ext/fragment/Comments.js.map": 1729665266190,
  "ext/controller/SendQ-dbg.js": 1729571051512,
  "ext/controller/SendQ.js.map": 1729665266179,
  "ext/controller/Send-dbg.js": 1729182924489,
  "ext/controller/Send.js.map": 1729665266174,
  "ext/controller/Obj_s-dbg.controller.js": 1729661459333,
  "ext/controller/Obj_s.controller.js.map": 1729665266198,
  "ext/controller/List_s-dbg.controller.js": 1729659816255,
  "ext/controller/List_s.controller.js.map": 1729665266186,
  "ext/controller/FooterSendQ-dbg.js": 1729593554912,
  "ext/controller/FooterSendQ.js.map": 1729665266194,
  "Component-dbg.js": 1729143625899,
  "Component.js.map": 1729665266191,
  "Component-preload.js": 1729665266394,
  "Component-preload.js.map": 1729665266394,
  "ext/fragment/UploadSet.fragment.xml": 1729182223479,
  "ext/fragment/Comments.fragment.xml": 1729182005430,
  "index.html": 1729143625899
}